crop,area1000hectares,production1000tonnes,irrigatedarea1000hectares,districtcode,year,statecode,statename,nitrogenconsumptiontonnes,phosphateconsumptiontonnes,potashconsumptiontonnes,districtname,irrigatedarea_capped,irrigatedarea_new,unirrigated_area,annual_rainfall_mm,monsoon_rainfall_mm,Average Salinity/Alkalinity (Percentage)
Sugarcane,19.85,3.5899999,19.82,1,2017,14,Chhattisgarh,91447,53486,16993,durg,19.82,20.82,0.030000000000001137,861.62999818,805.98,0.0
Sugarcane,0.72000003,0.11,0.616,2,2017,14,Chhattisgarh,21279,12584,4271,bastar,0.616,1.616,0.10400003000000002,902.189989898,781.24999,0.0
Sugarcane,0.27000001,0.050000001,0.26699999,3,2017,14,Chhattisgarh,92008,47721,15054,raipur,0.26699999,1.26699999,0.003000019999999992,683.98998807,621.32999,0.0
Sugarcane,7.5700002,0.82999998,7.4840002,4,2017,14,Chhattisgarh,72926,29713,6915,bilaspur,7.4840002,8.4840002,0.0860000000000003,1857.7300270978,1539.510022,0.390813256
Sugarcane,0.43000001,0.090000004,0.43099999,5,2017,14,Chhattisgarh,31282,13620,3707,raigarh,0.43000001,1.43000001,0.0,624.520000099,563.34,0.0
Sugarcane,6.0,1.75,5.9959998,6,2017,14,Chhattisgarh,21139,11878,4438,surguja,5.9959998,6.9959998,0.00400020000000012,580.88998821,516.769989,0.0
Sugarcane,3.3699999,1.79,3.49,7,2017,6,Madhya Pradesh,62230,30800,2116,jabalpur,3.3699999,4.3699999,0.0,826.8100011898,775.4,0.0
Sugarcane,3.7,1.91,2.3599999,8,2017,6,Madhya Pradesh,18299,10688,575,balaghat,2.3599999,3.3599999,1.3400001000000001,962.1599880897999,899.95999,0.0
Sugarcane,11.0,4.4000001,7.1399999,9,2017,6,Madhya Pradesh,57518,20108,6518,chhindwara,7.1399999,8.1399999,3.8600000999999997,953.0307088419801,882.4997900000001,0.0
Sugarcane,51.099998,30.07,58.68,10,2017,6,Madhya Pradesh,21631,10429,2037,narsinghpur,51.099998,52.099998,0.0,817.6700003,771.73,0.0
Sugarcane,,,,11,2017,6,Madhya Pradesh,48504,13250,1833,seoni / shivani,,,,,,
Sugarcane,2.8099999,1.01,2.8099999,12,2017,6,Madhya Pradesh,11207,4172,136,mandla,2.8099999,3.8099999,0.0,918.34000899,864.13001,0.0
Sugarcane,0.49000001,0.23,0.28999999,13,2017,6,Madhya Pradesh,20399,17510,506,sagar,0.28999999,1.28999999,0.20000002,876.2600098,832.8900100000001,0.026945804
Sugarcane,0.60000002,0.15000001,0.039999999,14,2017,6,Madhya Pradesh,10634,9534,115,damoh,0.039999999,1.039999999,0.560000021,742.7499919998,711.789992,0.0
Sugarcane,,,,15,2017,6,Madhya Pradesh,8357,3862,98,tikamgarh,,,,588.8100157998,573.660016,0.0
Sugarcane,0.12,0.029999999,0.090000004,16,2017,6,Madhya Pradesh,14565,11159,140,chhatarpur,0.090000004,1.090000004,0.029999996,656.1299883,641.629988,0.028967587
Sugarcane,,,,17,2017,6,Madhya Pradesh,6615,4493,54,panna,,,,795.4500015688001,778.030002,0.097995568
Sugarcane,,,,18,2017,6,Madhya Pradesh,26124,11848,200,rewa,,,,743.5399980039999,735.399998,0.0
Sugarcane,,,,19,2017,6,Madhya Pradesh,10828,4735,39,sidhi,,,,761.95000697,748.500007,0.0
Sugarcane,,,,20,2017,6,Madhya Pradesh,29067,15084,353,satna,,,,682.825976560111,673.725718,0.077830968
Sugarcane,,,,21,2017,6,Madhya Pradesh,10825,6431,163,shahdol,,,,722.060664115,695.331075,0.0
Sugarcane,,,,22,2017,6,Madhya Pradesh,27042,12605,467,gwalior,,,,451.659987,410.739987,7.497097925
Sugarcane,,,,23,2017,6,Madhya Pradesh,19578,13081,371,shivpuri,,,,522.3500010097999,487.100002,0.234281321
Sugarcane,,,,24,2017,6,Madhya Pradesh,29620,22561,315,guna,,,,656.2999909938,652.379991,0.0
Sugarcane,,,,25,2017,6,Madhya Pradesh,21273,7790,249,datia,,,,455.03796772789997,410.900781,7.39401972
Sugarcane,0.07,0.0099999998,0.18000001,26,2017,6,Madhya Pradesh,49982,18447,680,morena,0.07,1.07,0.0,506.7599998,459.31,1.992025151
Sugarcane,,,,27,2017,6,Madhya Pradesh,28195,14286,258,bhind,,,,527.0100021,465.070001,9.704449373
Sugarcane,,,,28,2017,6,Madhya Pradesh,39595,20470,5622,indore,,,,732.7900099999999,724.27001,0.046443486
Sugarcane,,,,29,2017,6,Madhya Pradesh,35385,17110,4806,ratlam,,,,820.26998708,809.689987,5.433769244
Sugarcane,0.02,0.0099999998,0.02,30,2017,6,Madhya Pradesh,42030,30956,5569,ujjain,0.02,1.02,0.0,802.64999,795.3299900000001,8.159691036
Sugarcane,,,,31,2017,6,Madhya Pradesh,43079,20401,6526,mandsaur,,,,940.4800018039999,933.900002,9.485868506
Sugarcane,0.1,0.029999999,0.20999999,32,2017,6,Madhya Pradesh,27680,15628,3499,dewas,0.1,1.1,0.0,652.680010188,646.65001,1.117636308
Sugarcane,0.20999999,0.13,2.53,33,2017,6,Madhya Pradesh,66096,32417,7376,dhar,0.20999999,1.20999999,0.0,763.659999699,744.47,0.253968898
Sugarcane,,,,34,2017,6,Madhya Pradesh,31046,8329,1223,jhabua,,,,893.7099888,838.9599900000001,0.118634386
Sugarcane,0.56,0.28999999,0.98000002,37,2017,6,Madhya Pradesh,63904,34186,1417,sehore,0.56,1.56,0.0,816.0899898,799.1999900000001,0.0
Sugarcane,,,,38,2017,6,Madhya Pradesh,40839,23884,876,raisen,,,,885.1600011998,845.5600000000001,0.0
Sugarcane,0.059999999,0.02,0.050000001,39,2017,6,Madhya Pradesh,23628,20800,801,vidisha,0.050000001,1.050000001,0.009999997999999996,808.1800098,787.12001,0.0
Sugarcane,11.29,7.1599998,13.81,40,2017,6,Madhya Pradesh,32640,10643,1553,betul,11.29,12.29,0.0,706.3000020100001,654.62,0.0
Sugarcane,,,,41,2017,6,Madhya Pradesh,35199,21501,1209,rajgarh,,,,762.630020109,755.74002,0.0
Sugarcane,,,,42,2017,6,Madhya Pradesh,27278,21798,3008,shajapur,,,,761.0700202,754.15002,0.0
Sugarcane,4.0,1.8,4.3099999,43,2017,6,Madhya Pradesh,87707,51050,5087,hoshangabad,4.0,5.0,0.0,861.3400001,840.1300000000001,0.0
Sugarcane,11.58,85.190002,19.315001,44,2017,1,Andhra Pradesh,55301,19214,13016,srikakulam,11.58,12.58,0.0,906.65000498,674.830004,0.0
Sugarcane,38.389999,225.08,54.064999,45,2017,1,Andhra Pradesh,48118,9836,7491,visakhapatnam,38.389999,39.389999,0.0,,,
Sugarcane,10.32,91.25,19.6,46,2017,1,Andhra Pradesh,84246,30862,28384,east godavari,10.32,11.32,0.0,973.235020036,768.5845300000001,0.0
Sugarcane,7.9499998,84.949997,17.629999,47,2017,1,Andhra Pradesh,106191,49578,46863,west godavari,7.9499998,8.9499998,0.0,882.666894259,755.60771,0.0
Sugarcane,10.26,94.57,23.26,48,2017,1,Andhra Pradesh,84529,39105,20768,krishna,10.26,11.26,0.0,735.1999979,607.329997,11.94890312
Sugarcane,0.33000001,3.1700001,0.463,49,2017,1,Andhra Pradesh,173584,89900,25004,guntur,0.33000001,1.33000001,0.0,667.660011,518.73001,16.86394141
Sugarcane,1.05,10.54,1.768,50,2017,1,Andhra Pradesh,98386,38207,20817,s.p.s. nellore,1.05,2.05,0.0,,,
Sugarcane,0.49000001,6.1900001,0.70999998,51,2017,1,Andhra Pradesh,140564,80498,24777,kurnool,0.49000001,1.49000001,0.0,494.1200031,359.79,12.74332121
Sugarcane,0.090000004,0.89999998,0.12,52,2017,1,Andhra Pradesh,38288,26127,12070,ananthapur,0.090000004,1.090000004,0.0,,,
Sugarcane,0.28,2.6900001,0.46000001,53,2017,1,Andhra Pradesh,47161,24126,12776,kadapa ysr,0.28,1.28,0.0,,,
Sugarcane,18.18,173.74001,35.360001,54,2017,1,Andhra Pradesh,43320,15960,8962,chittoor,18.18,19.18,0.0,756.7400029998,382.300001,2.652205203
Sugarcane,1.66,12.98,0.0,55,2017,20,Telangana,29965,15280,10357,hyderabad,0.0,1.0,1.66,1119.8199991000001,708.28,0.0
Sugarcane,4.7199998,36.849998,0.63200003,56,2017,20,Telangana,93054,30033,11208,nizamabad,0.63200003,1.63200003,4.08799977,842.10002021,670.78002,1.724911466
Sugarcane,17.370001,121.36,2.6229999,57,2017,20,Telangana,13194,8958,2670,medak,2.6229999,3.6229999,14.747001099999999,918.33000999,666.8199999999999,1.005789909
Sugarcane,4.8400002,39.369999,0.95200002,58,2017,20,Telangana,74046,35010,8556,mahabubnagar,0.95200002,1.9520000199999998,3.8880001800000006,730.8286837080001,533.05583,17.58192712
Sugarcane,1.62,13.09,0.51700002,59,2017,20,Telangana,33043,14763,5605,nalgonda,0.51700002,1.51700002,1.10299998,725.410019,569.40002,15.80632803
Sugarcane,0.20999999,1.75,0.0020000001,60,2017,20,Telangana,122203,31481,16202,warangal,0.0020000001,1.0020000001,0.2079999899,965.94999941,791.53,
Sugarcane,5.0599999,38.59,7.6199999,61,2017,20,Telangana,15181,8795,3643,khammam,5.0599999,6.0599999,0.0,928.23998741,793.1099899999999,31.33744182
Sugarcane,0.30000001,2.3,0.0,62,2017,20,Telangana,12532,5973,1849,karimnagar,0.0,1.0,0.30000001,767.4600009999999,637.0799999999999,11.12488977
Sugarcane,0.0,0.029999999,0.0060000001,63,2017,20,Telangana,59648,13502,6270,adilabad,0.0,1.0,0.0,746.7200086,623.0400099999999,0.454825911
Sugarcane,0.22,1.74,0.27000001,64,2017,5,Karnataka,37554,15679,5330,bangalore,0.22,1.22,0.0,,,
Sugarcane,,,,65,2017,5,Karnataka,29931,18362,7165,kolar,,,,1151.18,591.249989,0.086816909
Sugarcane,0.92000002,8.6199999,1.15,66,2017,5,Karnataka,24548,13290,6346,tumkur,0.92000002,1.92000002,0.0,,,
Sugarcane,10.94,125.66,10.94,67,2017,5,Karnataka,46920,23006,18188,mysore,10.94,11.94,0.0,,,
Sugarcane,20.940001,234.75,20.940001,68,2017,5,Karnataka,49044,13855,9299,mandya,20.940001,21.940001,0.0,820.6100028000001,467.17999000000003,0.102585889
Sugarcane,2.1700001,27.690001,2.1600001,69,2017,5,Karnataka,32894,19091,15439,hassan,2.1600001,3.1600001,0.010000000000000231,885.5400008,583.919997,0.025147948
Sugarcane,3.8,41.119999,3.8,72,2017,5,Karnataka,63447,36388,13890,chitradurga,3.8,4.8,0.0,610.02999892,358.47999799999997,5.517792473
Sugarcane,4.4099998,37.240002,7.27,73,2017,5,Karnataka,70669,37463,13491,bellary,4.4099998,5.4099998,0.0,,,
Sugarcane,22.51,186.78999,28.940001,74,2017,5,Karnataka,62588,31066,12903,dharwad,22.51,23.51,0.0,584.71999621,398.939997,63.78398811
Sugarcane,208.73,2062.24,221.09,75,2017,5,Karnataka,92878,39229,33264,belgaum,208.73,209.73,0.0,,,
Sugarcane,104.12,856.53003,159.24001,76,2017,5,Karnataka,73977,37407,23520,bijapur / vijayapura,104.12,105.12,0.0,,,
Sugarcane,15.52,115.03,19.18,77,2017,5,Karnataka,10275,8497,2388,bidar,15.52,16.52,0.0,980.3699981,687.689999,2.144761905
Sugarcane,1.29,12.14,1.61,78,2017,5,Karnataka,115832,62617,22756,raichur,1.29,2.29,0.0,747.5600000000001,535.689999,40.20297263
Sugarcane,2.22,18.299999,45.07,79,2017,5,Karnataka,70290,46001,12551,gulbarga / kalaburagi,2.22,3.22,0.0,,,
Sugarcane,0.0099999998,0.1,0.02,80,2017,5,Karnataka,9700,6090,9147,dakshina kannada,0.0099999998,1.0099999998,0.0,1854.0199787,1539.8999800000001,0.02462354
Sugarcane,,,,81,2017,5,Karnataka,8781,4050,3845,uttara kannada,,,,1038.199987,843.01999,0.370385583
Sugarcane,,,,82,2017,5,Karnataka,19657,11983,13550,kodagu / coorg,,,,,,
Sugarcane,68.389999,736.19,0.64399999,84,2017,11,Tamil Nadu,85137,31903,28361,south arcot / cuddalore,0.64399999,1.64399999,67.74599901,,,
Sugarcane,25.27,253.00999,1.58,85,2017,11,Tamil Nadu,68430,23100,18324,north arcot / vellore,1.58,2.58,23.689999999999998,,,
Sugarcane,24.559999,222.99001,1.5319999,86,2017,11,Tamil Nadu,46708,30730,23106,salem,1.5319999,2.5319998999999997,23.027999100000002,837.4500048,347.430001,1.03138624
Sugarcane,4.48,37.540001,1.252,87,2017,11,Tamil Nadu,26117,14250,21215,coimbatore,1.252,2.252,3.2280000000000006,773.103595,397.83985199999995,7.470587913
Sugarcane,18.639999,177.5,0.84100002,88,2017,11,Tamil Nadu,68490,25236,26076,tiruchirapalli / trichy,0.84100002,1.84100002,17.79899898,,,
Sugarcane,8.54,92.0,13.572,89,2017,11,Tamil Nadu,70852,27786,27935,thanjavur,8.54,9.54,0.0,1354.27672424,329.41344200000003,49.72568708
Sugarcane,6.9699998,64.879997,1.426,90,2017,11,Tamil Nadu,34392,15902,13182,madurai,1.426,2.426,5.5439998,591.6000018999999,213.3800009,31.60176581
Sugarcane,5.0300002,34.060001,0.40700001,91,2017,11,Tamil Nadu,40673,6659,3086,ramananthapuram,0.40700001,1.40700001,4.62300019,,,
Sugarcane,2.5699999,25.68,0.228,92,2017,11,Tamil Nadu,27878,10765,7054,thirunelveli,0.228,1.228,2.3419999,,,
Sugarcane,0.0,0.050000001,0.0,93,2017,11,Tamil Nadu,4848,1399,1900,the nilgiris,0.0,1.0,0.0,789.275844,400.929327,0.0
Sugarcane,,,,94,2017,11,Tamil Nadu,9769,3667,2443,kanyakumari,,,,,,
Sugarcane,,,,96,2017,7,Maharashtra,16562,2610,2021,thane,,,,3398.9999899,3201.87999,2.603828331
Sugarcane,,,,97,2017,7,Maharashtra,8955,1235,1219,raigad,,,,3785.9700368,3497.5600299999996,6.553890926
Sugarcane,1.14,6.8499999,0.0,98,2017,7,Maharashtra,11045,3303,2364,ratnagiri,0.0,1.0,1.14,3776.5599497,3392.85996,0.942008525
Sugarcane,17.389999,146.61,0.0,100,2017,7,Maharashtra,74311,30280,28300,dhule,0.0,1.0,17.389999,253.0000009,212.790001,1.993371106
Sugarcane,9.3299999,79.309998,0.0,101,2017,7,Maharashtra,96772,47696,74158,jalgaon,0.0,1.0,9.3299999,747.019993,674.49999,11.39637414
Sugarcane,104.4,1130.89,0.0,102,2017,7,Maharashtra,105164,66273,41883,ahmednagar,0.0,1.0,104.4,1729.0200297000001,1528.68003,2.882446944
Sugarcane,113.14,1327.0601,0.0,103,2017,7,Maharashtra,97238,48290,34456,pune,0.0,1.0,113.14,4107.0599600000005,3811.90996,1.139323747
Sugarcane,80.639999,798.38,0.0,104,2017,7,Maharashtra,49264,25804,19926,satara,0.0,1.0,80.639999,4520.2399993,4152.49,0.486302781
Sugarcane,80.18,854.67999,0.0,105,2017,7,Maharashtra,54620,27950,24678,sangli,0.0,1.0,80.18,2191.54001981,1854.3000200000001,3.064618315
Sugarcane,100.5,1046.8101,0.0,106,2017,7,Maharashtra,101756,49267,38343,solapur,0.0,1.0,100.5,1091.2999799,906.30998,3.721281441
Sugarcane,143.89999,1477.9,0.0,107,2017,7,Maharashtra,70996,31024,30580,kolhapur,0.0,1.0,143.89999,3451.9100198100004,2995.15002,1.226774015
Sugarcane,45.119999,259.03,0.0,108,2017,7,Maharashtra,136182,72462,41774,aurangabad,0.0,1.0,45.119999,1633.4762349,1300.21667,0.870511425
Sugarcane,34.5,144.14999,0.0,109,2017,7,Maharashtra,52514,39238,16574,parbhani,0.0,1.0,34.5,754.1800021,665.220003,0.0
Sugarcane,36.049999,207.28999,0.0,110,2017,7,Maharashtra,60321,41388,21125,beed,0.0,1.0,36.049999,869.7000102,702.41001,0.0
Sugarcane,23.0,149.5,0.0,111,2017,7,Maharashtra,75364,56691,30042,nanded,0.0,1.0,23.0,954.20000899,817.17001,0.23905484
Sugarcane,75.0,401.5,0.0,112,2017,7,Maharashtra,57017,50445,19119,osmanabad,0.0,1.0,75.0,761.61999772,603.700001,0.061651055
Sugarcane,0.25999999,1.29,0.0,113,2017,7,Maharashtra,46834,37943,13656,buldhana,0.0,1.0,0.25999999,321.48000579,294.050005,2.436014768
Sugarcane,0.2,0.92000002,0.0,114,2017,7,Maharashtra,34359,30699,10789,akola,0.0,1.0,0.2,274.760898712781,266.32345499999997,7.86291722
Sugarcane,0.12,0.47999999,0.0,115,2017,7,Maharashtra,35041,25616,13467,amarawati,0.0,1.0,0.12,,,
Sugarcane,2.1700001,13.01,0.0,117,2017,7,Maharashtra,30404,21073,16426,wardha,0.0,1.0,2.1700001,810.949980989,749.32998,0.0
Sugarcane,4.27,22.190001,0.0,118,2017,7,Maharashtra,50667,30322,10873,nagpur,0.0,1.0,4.27,964.8499978140001,894.6800000000001,0.0
Sugarcane,4.6999998,27.75,0.0,119,2017,7,Maharashtra,39166,17288,2044,bhandara,0.0,1.0,4.6999998,934.02999101,857.3499899999999,0.0
Sugarcane,0.029999999,0.13,0.0,120,2017,7,Maharashtra,56306,27211,6878,chandrapur,0.0,1.0,0.029999999,880.1599990088,792.41,0.028132066
Sugarcane,0.0,0.0099999998,0.1,121,2017,3,Gujarat,94632,24161,2928,ahmedabad,0.0,1.0,0.0,,,
Sugarcane,0.0099999998,0.059999999,0.0,122,2017,3,Gujarat,47379,24276,2811,amreli,0.0,1.0,0.0099999998,0.0,0.0,27.80520836
Sugarcane,,,,123,2017,3,Gujarat,120126,36046,12799,banaskantha,,,,,,
Sugarcane,37.52,236.91,52.599998,124,2017,3,Gujarat,45972,10291,10661,bharuch,37.52,38.52,0.0,788.799997,759.0399970000001,47.63096805
Sugarcane,4.4400001,28.0,15.1,125,2017,3,Gujarat,77898,14371,8959,vadodara / baroda,4.4400001,5.4400001,0.0,,,
Sugarcane,0.0,0.02,0.80000001,126,2017,3,Gujarat,62843,29291,5417,bhavnagar,0.0,1.0,0.0,577.11031656,560.5528509999999,44.3074253
Sugarcane,23.48,149.60001,23.1,127,2017,3,Gujarat,31633,10840,9019,valsad,23.1,24.1,0.379999999999999,2273.600111,2136.90011,2.452587927
Sugarcane,0.16,0.97000003,0.2,128,2017,3,Gujarat,503,107,56,dangs,0.16,1.16,0.0,,,
Sugarcane,0.0099999998,0.050000001,0.0060000001,129,2017,3,Gujarat,46817,29139,4865,jamnagar,0.0060000001,1.0060000001,0.0039999996999999995,690.46998,688.27998,17.3893176
Sugarcane,4.75,29.459999,6.5999999,130,2017,3,Gujarat,64706,33437,7048,junagadh,4.75,5.75,0.0,0.0,0.0,16.38507966
Sugarcane,0.12,0.72000003,0.115,131,2017,3,Gujarat,128342,16619,7165,kheda,0.115,1.115,0.0049999999999999906,534.837162536,530.939916,8.393974429
Sugarcane,0.14,0.88,0.17,135,2017,3,Gujarat,108519,54681,12824,rajkot,0.14,1.1400000000000001,0.0,814.130492019,809.272438,0.471389363
Sugarcane,,,,136,2017,3,Gujarat,81747,23767,14109,sabarkantha,,,,,,
Sugarcane,110.65,713.0,129.89999,137,2017,3,Gujarat,80074,30311,27213,surat,110.65,111.65,0.0,1069.6900289,1027.95003,17.13575214
Sugarcane,0.029999999,0.18000001,0.025,138,2017,3,Gujarat,83525,31749,2648,surendranagar,0.025,1.025,0.004999998999999998,877.4300019998001,874.500002,47.37891282
Sugarcane,0.0,0.02,0.0,139,2017,10,Rajasthan,10572,6290,62,ajmer,0.0,1.0,0.0,523.70000111,477.6,27.88060649
Sugarcane,0.02,0.059999999,0.02,140,2017,10,Rajasthan,37580,5713,1337,alwar,0.02,1.02,0.0,552.47000972,530.44001,0.81667436
Sugarcane,0.029999999,0.20999999,0.0099999998,141,2017,10,Rajasthan,32995,5817,500,banswara,0.0099999998,1.0099999998,0.0199999992,69.99000089,52.9400011,0.0
Sugarcane,,,,142,2017,10,Rajasthan,12912,2366,281,barmer,,,,711.4000089,703.480009,1.063863302
Sugarcane,0.02,0.090000004,0.02,143,2017,10,Rajasthan,61795,20378,599,bharatpur,0.02,1.02,0.0,482.69999052000003,458.149991,1.399002977
Sugarcane,0.039999999,0.28999999,0.039999999,144,2017,10,Rajasthan,22307,5226,239,bhilwara,0.039999999,1.039999999,0.0,571.61000143,521.460001,49.76963879
Sugarcane,0.0,0.029999999,0.0,145,2017,10,Rajasthan,22487,10645,232,bikaner,0.0,1.0,0.0,303.1700092,278.21000899999996,1.039775124
Sugarcane,0.75999999,6.0100002,0.76999998,146,2017,10,Rajasthan,40163,12315,382,bundi,0.75999999,1.7599999899999998,0.0,569.87999891,503.71999900000003,0.45908667
Sugarcane,1.77,12.86,1.78,147,2017,10,Rajasthan,45171,17017,1479,chittorgarh,1.77,2.77,0.0,601.61000613,562.460006,0.395399888
Sugarcane,,,,148,2017,10,Rajasthan,8065,1810,39,churu,,,,373.3200021,336.340003,1.570908906
Sugarcane,0.0099999998,0.050000001,0.0099999998,149,2017,10,Rajasthan,6142,858,73,dungarpur,0.0099999998,1.0099999998,0.0,73.7200017,62.9500017,0.0
Sugarcane,2.1099999,14.43,2.1199999,150,2017,10,Rajasthan,137173,58094,5526,ganganagar,2.1099999,3.1099999,0.0,464.3500098,433.67001,2.28452903
Sugarcane,0.039999999,0.25999999,0.039999999,151,2017,10,Rajasthan,60575,22655,1213,jaipur,0.039999999,1.039999999,0.0,365.46999501,339.779995,11.70924672
Sugarcane,,,,152,2017,10,Rajasthan,7838,3190,82,jaisalmer,,,,245.40000083,234.35000100000002,0.69657652
Sugarcane,,,,153,2017,10,Rajasthan,29682,6176,1501,jalore,,,,1358.5100019000001,1351.240002,23.49586326
Sugarcane,0.0099999998,0.07,0.0099999998,154,2017,10,Rajasthan,30476,14084,346,jhalawar,0.0099999998,1.0099999998,0.0,726.37000012,697.7,0.072560402
Sugarcane,,,,156,2017,10,Rajasthan,35672,17058,1783,jodhpur,,,,272.87999803,259.889998,1.93776392
Sugarcane,0.0099999998,0.059999999,0.0099999998,157,2017,10,Rajasthan,82586,36328,1863,kota,0.0099999998,1.0099999998,0.0,577.93998931,533.379991,0.214777129
Sugarcane,,,,158,2017,10,Rajasthan,24470,13532,1394,nagaur,,,,366.3700035,325.370004,2.442048603
Sugarcane,,,,159,2017,10,Rajasthan,13748,11119,604,pali,,,,605.68000823,589.130008,53.93162343
Sugarcane,0.02,0.12,0.02,160,2017,10,Rajasthan,39972,12592,332,swami madhopur,0.02,1.02,0.0,,,
Sugarcane,0.0099999998,0.11,0.02,161,2017,10,Rajasthan,15594,5243,286,sikar,0.0099999998,1.0099999998,0.0,333.49999611,303.709995,3.325295158
Sugarcane,,,,162,2017,10,Rajasthan,14531,4303,406,sirohi,,,,1354.209998899,1346.6699990000002,7.913595042
Sugarcane,0.02,0.090000004,0.02,163,2017,10,Rajasthan,22553,9945,209,tonk,0.02,1.02,0.0,418.95999951,388.439999,2.490306499
Sugarcane,0.52999997,3.4200001,0.54000002,164,2017,10,Rajasthan,34494,10333,2659,udaipur,0.52999997,1.52999997,0.0,310.54001208,303.500012,0.189476333
Sugarcane,26.0,218.7,23.23,165,2017,9,Punjab,87626,16847,2293,gurdaspur,23.23,24.23,2.7699999999999996,15.149999998,13.5,0.115601796
Sugarcane,7.0,59.599998,6.6300001,166,2017,9,Punjab,137546,37153,5623,amritsar,6.6300001,7.6300001,0.3699998999999998,20.6200009996,20.370000999800002,2.620032594
Sugarcane,4.0,33.5,4.0900002,167,2017,9,Punjab,43368,6625,2281,kapurthala,4.0,5.0,0.0,41.750000019,40.159999999,13.36971351
Sugarcane,14.66,125.26,14.427,168,2017,9,Punjab,84815,29066,4517,jalandhar,14.427,15.427,0.23300000000000054,39.559997999800004,36.71999798980001,0.0
Sugarcane,25.34,201.84,24.603001,169,2017,9,Punjab,55772,21295,3397,hoshiarpur,24.603001,25.603001,0.7369990000000008,26.839999978799998,25.439999979,5.393188916
Sugarcane,3.5,26.799999,4.25,170,2017,9,Punjab,27850,8908,2929,roopnagar / ropar,3.5,4.5,0.0,,,
Sugarcane,3.45,31.049999,3.4849999,171,2017,9,Punjab,167082,26004,2370,ludhiana,3.45,4.45,0.0,7.9399999988,6.2999998898,0.650642988
Sugarcane,2.0,14.7,2.809,172,2017,9,Punjab,234282,61477,8041,ferozpur,2.0,3.0,0.0,,,
Sugarcane,,,,174,2017,9,Punjab,187996,33795,9297,bhatinda,,,,,,
Sugarcane,5.2399998,47.400002,4.6020002,175,2017,9,Punjab,139068,36351,4210,sangrur,4.6020002,5.6020002,0.6379995999999997,2.9999999996,2.7499999996,0.4048583
Sugarcane,4.8099999,43.549999,5.1729999,176,2017,9,Punjab,158811,21365,6382,patiala,4.8099999,5.8099999,0.0,11.351529706,11.085099862,3.11327832
Sugarcane,,,,177,2017,4,Haryana,294303,93574,14466,hissar,,,,,,
Sugarcane,,,,180,2017,4,Haryana,86086,26452,4543,gurgaon,,,,,,
Sugarcane,,,,181,2017,4,Haryana,100027,22141,4945,jind,,,,740.450496,246.816832,62.86878792
Sugarcane,,,,182,2017,4,Haryana,69467,28506,3232,mahendragarh / narnaul,,,,,,
Sugarcane,,,,183,2017,4,Haryana,110935,24676,5835,ambala,,,,1105.7457239999999,368.581908,0.0
Sugarcane,,,,184,2017,4,Haryana,269227,53753,9657,karnal,,,,950.113308,316.704436,96.5954103
Sugarcane,,,,186,2017,4,Haryana,119225,31168,3532,rohtak,,,,794.4771479999999,264.825716,23.60847211
Sugarcane,212.7,1535.08,176.27299,189,2017,12,Uttar Pradesh,74705,22791,3929,saharanpur,176.27299,177.27299,36.427009999999996,688.9799995999999,592.29,26.1007569
Sugarcane,239.17999,2113.77,220.565,190,2017,12,Uttar Pradesh,61628,22361,4033,muzaffarnagar,220.565,221.565,18.614990000000006,523.42000429,448.320003,0.0
Sugarcane,257.45001,2326.51,249.26601,191,2017,12,Uttar Pradesh,126304,42423,8036,meerut,249.26601,250.26601,8.184000000000026,498.64999811,439.509997,0.0
Sugarcane,62.790001,527.83002,59.991001,192,2017,12,Uttar Pradesh,75318,29161,6014,buland shahar,59.991001,60.991001,2.7989999999999995,,,
Sugarcane,7.8699999,58.540001,5.4959998,194,2017,12,Uttar Pradesh,147208,53176,14941,aligarh,5.4959998,6.4959998,2.3740001,530.5699908,479.83999,63.80477885
Sugarcane,0.51999998,2.96,0.36000001,195,2017,12,Uttar Pradesh,79175,27861,4306,mathura,0.36000001,1.36000001,0.15999997000000005,347.2599942,305.649994,52.17909284
Sugarcane,0.28999999,1.67,0.133,196,2017,12,Uttar Pradesh,136016,50349,22334,agra,0.133,1.133,0.15699998999999998,283.66999799,245.96999799999998,17.90256009
Sugarcane,0.50999999,2.9200001,0.33199999,197,2017,12,Uttar Pradesh,83825,33051,4412,mainpuri,0.33199999,1.33199999,0.17799999999999994,591.7799908998,548.679991,83.43302191
Sugarcane,7.1999998,53.360001,6.3070002,198,2017,12,Uttar Pradesh,71089,28153,5522,etah,6.3070002,7.3070002,0.8929995999999996,479.749997,440.159997,77.89130485
Sugarcane,96.959999,776.59998,78.838997,199,2017,12,Uttar Pradesh,61248,18465,3575,bareilly,78.838997,79.838997,18.12100199999999,864.510008918,826.240009,12.03570477
Sugarcane,44.529999,331.78,35.487,200,2017,12,Uttar Pradesh,70074,24426,4650,budaun,35.487,36.487,9.042998999999995,699.85001201,654.770011,29.65036509
Sugarcane,142.64,1171.08,148.338,201,2017,12,Uttar Pradesh,77372,21815,4821,moradabad,142.64,143.64,0.0,948.91999902,897.1,0.0
Sugarcane,45.740002,371.07999,55.909,202,2017,12,Uttar Pradesh,109135,34321,7757,shahjahanpur,45.740002,46.740002,0.0,848.499998894,791.269999,11.61206617
Sugarcane,79.279999,643.38,65.247002,203,2017,12,Uttar Pradesh,43952,12733,3917,pilibhit,65.247002,66.247002,14.032997000000009,1061.89000439,991.670003,2.866361171
Sugarcane,21.85,163.94,23.086,204,2017,12,Uttar Pradesh,26893,5349,1051,rampur,21.85,22.85,0.0,901.4699978098,857.379998,10.53140097
Sugarcane,201.63,1681.51,215.533,205,2017,12,Uttar Pradesh,42398,14381,3426,bijnor,201.63,202.63,0.0,659.5799812299999,611.789981,3.088438948
Sugarcane,8.3599997,54.630001,8.6569996,206,2017,12,Uttar Pradesh,97642,27112,10933,farrukhabad,8.3599997,9.3599997,0.0,673.970000998,630.25,30.89250522
Sugarcane,1.09,7.0599999,0.92900002,207,2017,12,Uttar Pradesh,67862,27997,2552,etawah,0.92900002,1.9290000200000001,0.16099998000000004,493.520001,450.760001,24.0614579
Sugarcane,4.1100001,26.01,5.1690001,208,2017,12,Uttar Pradesh,124649,45131,7720,kanpur,4.1100001,5.1100001,0.0,,,
Sugarcane,6.3800001,23.42,7.6690001,209,2017,12,Uttar Pradesh,49651,20660,2863,fatehpur,6.3800001,7.3800001,0.0,754.9199912,728.309991,38.81640261
Sugarcane,2.8599999,10.5,1.161,210,2017,12,Uttar Pradesh,108387,39828,13191,allahabad,1.161,2.161,1.6989999,,,
Sugarcane,0.18000001,0.69999999,0.119,211,2017,12,Uttar Pradesh,66983,48399,2534,jhansi,0.119,1.119,0.06100000999999999,487.34999170000003,450.439993,0.582606933
Sugarcane,1.04,4.1100001,0.82300001,213,2017,12,Uttar Pradesh,34091,17988,1110,jalaun,0.82300001,1.82300001,0.21699999000000003,476.360000101,415.319999,2.210888043
Sugarcane,8.7299995,33.470001,6.3249998,214,2017,12,Uttar Pradesh,33248,20580,1666,hamirpur,6.3249998,7.3249998,2.4049997000000003,1807.729978,1487.169973,1.945764281
Sugarcane,0.64999998,2.5,0.44800001,215,2017,12,Uttar Pradesh,31565,19178,2047,banda,0.44800001,1.44800001,0.20199997000000003,745.58001419,725.660014,31.38010403
Sugarcane,4.3600001,30.43,4.2639999,216,2017,12,Uttar Pradesh,87883,26904,4706,varanasi,4.2639999,5.2639999,0.09600019999999976,738.02000302,722.7200029999999,66.12474406
Sugarcane,9.5200005,62.68,7.6690001,218,2017,12,Uttar Pradesh,48177,17780,2322,jaunpur,7.6690001,8.6690001,1.8510004000000002,810.0600000000001,781.48,74.5943704
Sugarcane,7.3099999,45.25,4.3210001,219,2017,12,Uttar Pradesh,47591,18207,2463,ghazipur,4.3210001,5.3210001,2.9889998,741.9799981000001,694.669997,35.3579145
Sugarcane,6.48,35.619999,4.006,220,2017,12,Uttar Pradesh,35302,15283,2455,ballia,4.006,5.006,2.474,801.2300095,722.700012,8.71385202
Sugarcane,19.98,131.38,16.330999,221,2017,12,Uttar Pradesh,111370,33124,9619,gorakhpur,16.330999,17.330999,3.649001000000002,1064.770000199,967.42,46.83190458
Sugarcane,79.110001,573.87,63.775002,222,2017,12,Uttar Pradesh,62812,23174,5327,deoria,63.775002,64.775002,15.334998999999996,939.2900078,842.89001,8.073508156
Sugarcane,45.959999,303.70001,50.811001,223,2017,12,Uttar Pradesh,88716,31875,7716,basti,45.959999,46.959999,0.0,958.9299910999999,886.90999,8.208008697
Sugarcane,25.559999,155.61,20.306,224,2017,12,Uttar Pradesh,79550,30817,4398,azamgarh,20.306,21.306,5.253999,991.310012,924.900011,71.83476231
Sugarcane,0.27000001,2.0799999,0.121,225,2017,12,Uttar Pradesh,21074,9715,622,lucknow,0.121,1.121,0.14900001000000002,775.960003788,727.330004,91.83590103
Sugarcane,0.61000001,4.7800002,1.247,226,2017,12,Uttar Pradesh,41140,16272,1593,unnao,0.61000001,1.61000001,0.0,655.21001189,606.410013,84.79127544
Sugarcane,3.1400001,17.83,2.329,227,2017,12,Uttar Pradesh,75823,30469,3511,rae-bareily,2.329,3.329,0.8110000999999998,,,
Sugarcane,153.46001,1158.91,145.576,228,2017,12,Uttar Pradesh,88206,32282,7455,sitapur,145.576,146.576,7.884010000000018,905.2599951,825.9399940000001,45.14381337
Sugarcane,37.34,282.07001,36.443001,229,2017,12,Uttar Pradesh,94914,35036,2807,hardoi,36.443001,37.443001,0.896999000000001,710.40999401,649.749995,25.28892102
Sugarcane,248.13,2002.65,281.51501,230,2017,12,Uttar Pradesh,45798,15564,4193,kheri,248.13,249.13,0.0,1142.94137737,1036.252406,14.0000795
Sugarcane,31.940001,242.55,39.675999,231,2017,12,Uttar Pradesh,62705,23442,4158,faizabad,31.940001,32.940000999999995,0.0,,,
Sugarcane,123.7,847.90997,108.364,232,2017,12,Uttar Pradesh,60511,21845,5206,gonda,108.364,109.364,15.335999999999999,914.9799909000001,817.03999,0.79923882
Sugarcane,30.6,216.28,25.700001,233,2017,12,Uttar Pradesh,76222,28989,12216,bahraich,25.700001,26.700001,4.899999000000001,979.620011099,863.960011,0.0
Sugarcane,10.35,66.699997,9.533,234,2017,12,Uttar Pradesh,50043,20285,2169,sultanpur,9.533,10.533,0.8170000000000002,657.4200000000001,609.54,57.49787596
Sugarcane,0.82999998,3.05,0.85399997,235,2017,12,Uttar Pradesh,28992,11866,4210,pratapgarh,0.82999998,1.82999998,0.0,821.08001572,777.0900158,45.41164744
Sugarcane,9.25,73.550003,8.9250002,236,2017,12,Uttar Pradesh,57527,17469,2933,barabanki,8.9250002,9.9250002,0.3249998000000005,809.9500091990001,748.220009,44.39473326
Sugarcane,17.77,122.65,17.690001,237,2017,16,Uttarakhand,117390,15316,6314,nainital,17.690001,18.690001,0.07999900000000082,1305.1199669989999,1074.78997,10.50496733
Sugarcane,,,,238,2017,16,Uttarakhand,428,112,36,almorah,,,,,,
Sugarcane,0.0,0.029999999,0.0099999998,239,2017,16,Uttarakhand,475,127,43,pithorgarh,0.0,1.0,0.0,,,
Sugarcane,,,,240,2017,16,Uttarakhand,86,45,2,chamoli,,,,1142.370015004,851.64001,0.127974096
Sugarcane,,,,241,2017,16,Uttarakhand,137,149,33,uttar kashi,,,,1081.209999989,804.71,0.0
Sugarcane,,,,242,2017,16,Uttarakhand,75,33,2,tehri garhwal,,,,1319.79999399,1039.34999,1.340415995
Sugarcane,,,,243,2017,16,Uttarakhand,374,103,6,garhwal,,,,,,
Sugarcane,3.8800001,26.200001,3.8599999,244,2017,16,Uttarakhand,3319,887,99,dehradun,3.8599999,4.8599999,0.020000200000000135,1419.330008999,1146.29001,7.676887549
Sugarcane,0.44999999,1.5599999,0.0,601,2017,17,Assam,18845,6022,5409,cachar,0.0,1.0,0.44999999,3795.7206985000003,2143.05142,0.0
Sugarcane,3.8800001,14.55,0.0,602,2017,17,Assam,17159,5484,4925,darrang,0.0,1.0,3.8800001,1534.46326112,906.07673,0.0
Sugarcane,0.38999999,1.48,0.0,603,2017,17,Assam,15212,4861,4367,dibrugarh,0.0,1.0,0.38999999,2223.67998,1255.4399899999999,0.0
Sugarcane,1.0700001,4.0100002,0.0,604,2017,17,Assam,30285,9638,8693,goalpara,0.0,1.0,1.0700001,2917.020001,1984.6499900000001,0.0
Sugarcane,1.78,5.9000001,0.18000001,605,2017,17,Assam,27341,8737,7849,kamrup,0.18000001,1.18000001,1.5999999900000001,2048.8481108,1274.37878,0.007592246
Sugarcane,7.9000001,27.889999,0.0,606,2017,17,Assam,3226,1031,926,karbi anglong,0.0,1.0,7.9000001,0.0,0.0,0.0
Sugarcane,0.56,2.3099999,0.050000001,607,2017,17,Assam,10347,3306,2966,lakhimpur,0.050000001,1.050000001,0.509999999,2702.3141776,1775.56567,0.421320792
Sugarcane,6.98,25.59,0.0,609,2017,17,Assam,15521,4960,4456,nagaon,0.0,1.0,6.98,1654.64000899,994.18001,0.0
Sugarcane,,,,626,2017,18,Himachal Pradesh,1915,107,45,bilashpur,,,,,,
Sugarcane,,,,627,2017,18,Himachal Pradesh,1134,88,63,chamba,,,,1071.82999701,685.920001,0.0
Sugarcane,0.79000002,1.25,0.27200001,629,2017,18,Himachal Pradesh,14180,2766,1409,kangra,0.27200001,1.27200001,0.51800001,1478.69001199,1190.3000200000001,0.251895137
Sugarcane,,,,630,2017,18,Himachal Pradesh,111,64,89,kinnaur,,,,666.5799931,392.039999,0.0
Sugarcane,,,,631,2017,18,Himachal Pradesh,2786,1384,1882,kullu,,,,1012.249992399,721.359994,1.105313459
Sugarcane,,,,632,2017,18,Himachal Pradesh,182,183,109,lahul & spiti,,,,,,
Sugarcane,0.050000001,0.1,0.0089999996,633,2017,18,Himachal Pradesh,2429,474,253,solan,0.0089999996,1.0089999996,0.0410000014,847.209998,624.739997,0.982709001
Sugarcane,,,,634,2017,18,Himachal Pradesh,4378,1152,892,mandi,,,,1269.5799987999999,985.429998,1.919423925
Sugarcane,,,,635,2017,18,Himachal Pradesh,6111,2888,6051,shimla,,,,879.0400111,567.73001,1.735352711
Sugarcane,1.03,2.3199999,0.294,636,2017,18,Himachal Pradesh,3375,665,387,sirmaur,0.294,1.294,0.736,1049.1399862,753.0799999999999,0.248091983
Sugarcane,0.029999999,0.23,0.039999999,651,2017,19,Kerala,9747,2587,2629,alappuzha,0.029999999,1.029999999,0.0,1131.58998723,726.98999,0.0
Sugarcane,0.0,0.039999999,0.0040000002,652,2017,19,Kerala,11783,4305,7718,kannur,0.0,1.0,0.0,965.229992,896.6299899999999,0.0
Sugarcane,0.75,8.3500004,0.671,655,2017,19,Kerala,25706,9087,12772,kottayam,0.671,1.671,0.07899999999999996,865.2600022,581.350009,0.0
Sugarcane,,,,656,2017,19,Kerala,9488,3722,7182,kozhikode,,,,510.7399968,471.28999699999997,0.0
Sugarcane,,,,657,2017,19,Kerala,9128,3381,5504,malappuram,,,,429.52999689,382.879997,0.0
Sugarcane,0.079999998,0.75,0.171,658,2017,19,Kerala,28176,5271,6717,palakkad,0.079999998,1.079999998,0.0,718.110002,570.08,0.0
Sugarcane,0.0099999998,0.079999998,0.0099999998,659,2017,19,Kerala,6507,3559,4216,kollam,0.0099999998,1.0099999998,0.0,1140.8200099,687.790002,0.0
Sugarcane,,,,660,2017,19,Kerala,12512,3057,4532,thrissur,,,,953.7999799,734.31998,0.0
Sugarcane,,,,661,2017,19,Kerala,6500,1439,809,thiruvananthapuram,,,,933.6300241,565.98001,0.0
Sugarcane,166.97,969.07001,162.7,901,2017,2,Bihar,125927,46593,20330,champaran,162.7,163.7,4.27000000000001,,,
Sugarcane,27.85,188.09,21.02,902,2017,2,Bihar,109463,43421,21188,muzaffarpur,21.02,22.02,6.830000000000002,830.1700001099999,642.720001,32.96913214
Sugarcane,5.04,29.889999,2.8499999,903,2017,2,Bihar,79877,31528,13340,darbhanga,2.8499999,3.8499999,2.1900001000000002,1216.00998598,1001.969987,0.001554714
Sugarcane,0.15000001,0.87,0.13,904,2017,2,Bihar,44082,18294,11692,saharsa,0.13,1.13,0.020000009999999985,1101.630021,839.480022,4.42241708
Sugarcane,27.690001,158.7,19.629999,906,2017,2,Bihar,65685,16211,3535,saran,19.629999,20.629999,8.060001999999997,529.98999122,359.05000199999995,36.82237186
Sugarcane,0.23,1.42,0.12,907,2017,2,Bihar,90899,24771,4278,patna,0.12,1.12,0.11000000000000001,700.57999799,504.499998,7.589995311
Sugarcane,2.53,15.81,0.49000001,908,2017,2,Bihar,125661,42562,21130,mungair,0.49000001,1.49000001,2.0399999899999997,,,
Sugarcane,2.6300001,14.79,0.81999999,909,2017,2,Bihar,60780,19306,11211,bhagalpur,0.81999999,1.81999999,1.8100001100000003,958.22998799,625.79999,2.950756596
Sugarcane,,,,910,2017,15,Jharkhand,29186,28287,7303,santhal paragana / dumka,,,,,,
Sugarcane,0.23999999,1.53,0.23,911,2017,2,Bihar,162928,50799,7932,shahabad (now part of bhojpur district),0.23,1.23,0.009999989999999986,,,
Sugarcane,0.31999999,1.5599999,0.19,912,2017,2,Bihar,99317,30221,4369,gaya,0.19,1.19,0.12999999,765.72999009,592.5899890000001,1.25790507
Sugarcane,,,,913,2017,15,Jharkhand,15376,11091,1486,hazaribagh,,,,1338.560020901,1126.25002,0.0
Sugarcane,,,,914,2017,15,Jharkhand,427,297,82,dhanbad,,,,1192.630021098,909.95002,0.0
Sugarcane,,,,915,2017,15,Jharkhand,16063,8959,1702,palamau,,,,,,
Sugarcane,,,,916,2017,15,Jharkhand,28893,20374,3949,ranchi,,,,1360.9200042969999,1184.74001,0.0
Sugarcane,,,,917,2017,15,Jharkhand,2588,1600,122,singhbhum,,,,,,
